id,first_name,last_name,hashed_password,date_of_birth
1,'John','Doe','NuB97FRxeivdYJi2gwNwlA==',"TO_DATE('1855/02/02', 'yyyy/mm/dd')"
2,'Jane','Doe','NuB97FRxeivdYJi2gwNwlA==',"TO_DATE('2000/01/02', 'yyyy/mm/dd')"
3,'Aaren','Smith','NuB97FRxeivdYJi2gwNwlA==',"TO_DATE('2000/01/03', 'yyyy/mm/dd')"
4,'Aarika','Smith','NuB97FRxeivdYJi2gwNwlA==',"TO_DATE('2000/01/04', 'yyyy/mm/dd')"
5,'Abagael','Smith','NuB97FRxeivdYJi2gwNwlA==',"TO_DATE('2000/01/05', 'yyyy/mm/dd')"
6,'Abagail','Smith','NuB97FRxeivdYJi2gwNwlA==',"TO_DATE('2000/01/06', 'yyyy/mm/dd')"
7,'Abbe','Smith','NuB97FRxeivdYJi2gwNwlA==',"TO_DATE('2000/01/07', 'yyyy/mm/dd')"
8,'Abbey','Smith','NuB97FRxeivdYJi2gwNwlA==',"TO_DATE('2000/01/08', 'yyyy/mm/dd')"
9,'Abbi','Smith','NuB97FRxeivdYJi2gwNwlA==',"TO_DATE('2000/01/09', 'yyyy/mm/dd')"
10,'Abbie','Smith','NuB97FRxeivdYJi2gwNwlA==',"TO_DATE('2000/01/10', 'yyyy/mm/dd')"
11,'Abby','Smith','NuB97FRxeivdYJi2gwNwlA==',"TO_DATE('2000/01/11', 'yyyy/mm/dd')"
12,'Abbye','Smith','NuB97FRxeivdYJi2gwNwlA==',"TO_DATE('2000/01/12', 'yyyy/mm/dd')"
13,'Abigael','Smith','NuB97FRxeivdYJi2gwNwlA==',"TO_DATE('2000/01/13', 'yyyy/mm/dd')"
14,'Abigail','Smith','NuB97FRxeivdYJi2gwNwlA==',"TO_DATE('2000/01/14', 'yyyy/mm/dd')"
15,'Abigale','Smith','NuB97FRxeivdYJi2gwNwlA==',"TO_DATE('2000/01/15', 'yyyy/mm/dd')"
16,'Abra','Smith','NuB97FRxeivdYJi2gwNwlA==',"TO_DATE('2000/01/16', 'yyyy/mm/dd')"
17,'Ada','Smith','NuB97FRxeivdYJi2gwNwlA==',"TO_DATE('2000/01/17', 'yyyy/mm/dd')"
18,'Adah','Smith','NuB97FRxeivdYJi2gwNwlA==',"TO_DATE('2000/01/18', 'yyyy/mm/dd')"
19,'Adaline','Smith','NuB97FRxeivdYJi2gwNwlA==',"TO_DATE('2000/01/19', 'yyyy/mm/dd')"
20,'Adan','Smith','NuB97FRxeivdYJi2gwNwlA==',"TO_DATE('2000/01/20', 'yyyy/mm/dd')"
21,'Adara','Smith','NuB97FRxeivdYJi2gwNwlA==',"TO_DATE('2000/01/21', 'yyyy/mm/dd')"
22,'Adda','Smith','NuB97FRxeivdYJi2gwNwlA==',"TO_DATE('2000/01/22', 'yyyy/mm/dd')"
23,'Addi','Smith','NuB97FRxeivdYJi2gwNwlA==',"TO_DATE('2000/01/23', 'yyyy/mm/dd')"
24,'Addia','Smith','NuB97FRxeivdYJi2gwNwlA==',"TO_DATE('2000/01/24', 'yyyy/mm/dd')"
25,'Addie','Smith','NuB97FRxeivdYJi2gwNwlA==',"TO_DATE('2000/01/25', 'yyyy/mm/dd')"
26,'Addy','Smith','NuB97FRxeivdYJi2gwNwlA==',"TO_DATE('2000/01/26', 'yyyy/mm/dd')"
27,'Adel','Smith','NuB97FRxeivdYJi2gwNwlA==',"TO_DATE('2000/01/27', 'yyyy/mm/dd')"
28,'Adela','Smith','NuB97FRxeivdYJi2gwNwlA==',"TO_DATE('2000/01/28', 'yyyy/mm/dd')"
29,'Adelaida','Smith','NuB97FRxeivdYJi2gwNwlA==',"TO_DATE('2000/01/29', 'yyyy/mm/dd')"
30,'Adelaide','Smith','NuB97FRxeivdYJi2gwNwlA==',"TO_DATE('2000/01/30', 'yyyy/mm/dd')"
31,'Adele','Smith','NuB97FRxeivdYJi2gwNwlA==',"TO_DATE('2000/01/31', 'yyyy/mm/dd')"
32,'Adelheid','Smith','NuB97FRxeivdYJi2gwNwlA==',"TO_DATE('2000/02/01', 'yyyy/mm/dd')"
33,'Adelice','Smith','NuB97FRxeivdYJi2gwNwlA==',"TO_DATE('2000/02/02', 'yyyy/mm/dd')"
34,'Adelina','Smith','NuB97FRxeivdYJi2gwNwlA==',"TO_DATE('2000/02/03', 'yyyy/mm/dd')"
35,'Adelind','Smith','NuB97FRxeivdYJi2gwNwlA==',"TO_DATE('2000/02/04', 'yyyy/mm/dd')"
36,'Adeline','Smith','NuB97FRxeivdYJi2gwNwlA==',"TO_DATE('2000/02/05', 'yyyy/mm/dd')"
37,'Adella','Smith','NuB97FRxeivdYJi2gwNwlA==',"TO_DATE('2000/02/06', 'yyyy/mm/dd')"
38,'Adelle','Smith','NuB97FRxeivdYJi2gwNwlA==',"TO_DATE('2000/02/07', 'yyyy/mm/dd')"
39,'Adena','Smith','NuB97FRxeivdYJi2gwNwlA==',"TO_DATE('2000/02/08', 'yyyy/mm/dd')"
40,'Adey','Smith','NuB97FRxeivdYJi2gwNwlA==',"TO_DATE('2000/02/09', 'yyyy/mm/dd')"
41,'Adi','Smith','NuB97FRxeivdYJi2gwNwlA==',"TO_DATE('2000/02/10', 'yyyy/mm/dd')"
42,'Adiana','Smith','NuB97FRxeivdYJi2gwNwlA==',"TO_DATE('2000/02/11', 'yyyy/mm/dd')"